{"ratio": [], "shift": [["possession,Guitar", 0], ["possession,User", 0], ["has_brand,Brand", 0], ["has_brand,Guitar", 0], ["has_guitar,Guitar", 0], ["has_guitar,Aesthetic", 0], ["to,Guitar", 0], ["to,Category", 0], ["link,Category", 0], ["link,Post", 0]], "colors": [["annotation_color", "#b2182b"], ["annotation_text_color", "#ffffff"], ["association_attribute_text_color", "#000000"], ["association_cartouche_color", "#f4a582"], ["association_cartouche_text_color", "#000000"], ["association_color", "#fddbc7"], ["association_stroke_color", "#d6604d"], ["background_color", "#ffffff"], ["card_text_color", "#4d4d4d"], ["entity_attribute_text_color", "#000000"], ["entity_cartouche_color", "#bababa"], ["entity_cartouche_text_color", "#000000"], ["entity_color", "#e0e0e0"], ["entity_stroke_color", "#878787"], ["leg_stroke_color", "#d6604d"], ["transparent_color", "none"]], "cy": [["User", 85], ["possession", 85], ["Aesthetic", 85], ["has_brand", 271], ["Guitar", 271], ["has_guitar", 271], ["Post", 271], ["Brand", 406], ["to", 406], ["Category", 406], ["link", 406]], "cx": [["User", 49], ["possession", 176], ["Aesthetic", 303], ["has_brand", 49], ["Guitar", 176], ["has_guitar", 303], ["Post", 412], ["Brand", 49], ["to", 176], ["Category", 303], ["link", 412]], "size": [458, 440]}